{
  "knex": {
    "client": "postgresql",
    "connection": {
      "database": "thesis",
      "user": "postgres",
      "password": "MPCTE3TYFC",
      "host": "localhost",
      "port": 5432
    },
    "pool": {
      "min": 1,
      "max": 2
    },
    "migrations": {
      "tableName": "knex_migrations",
      "directory": "db/migrations"
    },
    "seeds": {
      "directory": "db/seeds"
    }
  },

  "passport": {
    "Google": {},
    "Facebook": {},
    "Twitter": {},
    "Github": {}
  }
}